{
    "/nluu14p/home/vault-pilot/aqueduct_v2016-2019[1704190990]": {
        "path": "/nluu14p/home/vault-pilot/aqueduct_v2016-2019[1704190990]", 
        "modified": "2024-01-10T13:24:21", 
        "data_package_reference": "yoda/c68fc466-1f89-4ce7-aa95-83dd9ecafb6d", 
        "size": 34082986672928, 
        "schema": "https://yoda.uu.nl/schemas/dag-0/metadata.json", 
        "metadata": {
            "Discipline": [
                "Natural Sciences - Earth and related environmental sciences (1.5)"
            ], 
            "GeoLocation": [
                {
                    "Description_Spatial": "Global", 
                    "geoLocationBox": {}
                }
            ], 
            "Data_Type": "Dataset", 
            "Language": "en - English", 
            "Related_Datapackage": [
                {
                    "Persistent_Identifier": {}, 
                    "Relation_Type": "References: Current datapackages references"
                }
            ], 
            "License": "Internal License Data Archive Geosciences 2021-01", 
            "Collection_Name": "Aqueduct", 
            "Creator": [
                {
                    "Affiliation": "Utrecht University", 
                    "Owner_Role": "Researcher", 
                    "Name": {
                        "Family_Name": "Sutanudjaja", 
                        "Given_Name": "Edwin"
                    }
                }
            ], 
            "links": [
                {
                    "href": "https://yoda.uu.nl/schemas/dag-0/metadata.json", 
                    "rel": "describedby"
                }
            ], 
            "Description": "The folder contains the PCR-GLOBWB output files (and their related ones) that were generated during the Aqueduct projects in 2016-2019. ", 
            "Contributor": [
                {
                    "Name": {
                        "Family_Name": "Sutanudjaja", 
                        "Given_Name": "Edwin"
                    }, 
                    "Contributor_Type": "ContactPerson"
                }
            ], 
            "Retention_Period": "10", 
            "Tag": [
                "PCR-GLOBWB, CMIP5"
            ], 
            "Title": "aqueduct_v2016-2019", 
            "Collected": {
                "Start_Date": "2016-01-02", 
                "End_Date": "2019-12-31"
            }, 
            "Data_Access_Restriction": "Open - freely retrievable", 
            "Data_Classification": "Basic", 
            "Research_Group": "Physical geography - Geographical Hydrology"
        }
    }, 
    "/nluu14p/home/vault-pilot/deposit-pilot[1661157609][1661761297]": {
        "path": "/nluu14p/home/vault-pilot/deposit-pilot[1661157609][1661761297]", 
        "modified": "2022-08-29T10:27:28", 
        "data_package_reference": "yoda/7e13022b-a92d-4f88-ada1-eccfec0a6dfd", 
        "size": 29527929811, 
        "schema": "https://yoda.uu.nl/schemas/dag-0/metadata.json", 
        "metadata": {
            "Discipline": [
                "Natural Sciences - Earth and related environmental sciences (1.5)"
            ], 
            "GeoLocation": [
                {
                    "Description_Spatial": "Utrecht", 
                    "geoLocationBox": {}
                }
            ], 
            "Data_Type": "Dataset", 
            "Language": "en - English", 
            "Related_Datapackage": [
                {
                    "Persistent_Identifier": {
                        "Identifier_Scheme": "DOI", 
                        "Identifier": "https://doi.org/10.1016/j.tecto.2017.11.040"
                    }, 
                    "Relation_Type": "References: Current datapackages references", 
                    "Title": "van den Ende, M.P.A., Chen, J., Ampuero, J.-P., Niemeijer, A.R., 2017, A comparison between rate-and-state friction and microphysical models, based on numerical simulations of fault slip, Tectonophysics, Volume 733,Pages 273-295"
                }, 
                {
                    "Persistent_Identifier": {
                        "Identifier_Scheme": "DOI", 
                        "Identifier": "https://doi.org/ 10.1029/2019JB019328"
                    }, 
                    "Relation_Type": "References: Current datapackages references", 
                    "Title": "van den Ende, M. P. A., Chen, J., Niemeijer, A. R., & Ampuero, J.\u2010P. (2020). Rheological transitions facilitate fault\u2010spanning ruptures on seismically active and creeping faults. Journal of Geophysical Research: Solid Earth, 125, e2019JB019328. "
                }
            ], 
            "License": "Internal License Data Archive Geosciences 2021-01", 
            "Collection_Name": "ERC Starting Grant \"SEISMIC\"", 
            "Creator": [
                {
                    "Affiliation": "Utrecht University", 
                    "Owner_Role": "Principal Investigator", 
                    "Name": {
                        "Family_Name": "Niemeijer", 
                        "Given_Name": "Andr\u00e9"
                    }
                }
            ], 
            "Data_Classification": "Basic", 
            "links": [
                {
                    "href": "https://yoda.uu.nl/schemas/dag-0/metadata.json", 
                    "rel": "describedby"
                }
            ], 
            "Contributor": [
                {
                    "Name": {
                        "Family_Name": "Niemeijer", 
                        "Given_Name": "Andr\u00e9"
                    }, 
                    "Contributor_Type": "ContactPerson"
                }
            ], 
            "Retention_Period": "10", 
            "Tag": [
                "Earthquake nucleation", 
                "Dynamic rupture propagation", 
                "Microphysics", 
                "Rate-and-state friction", 
                "numerical simulations of fault slip", 
                "QDYN"
            ], 
            "Title": "Data Supplement to: A comparison between rate-and-state friction and microphysical models, based on numerical simulations of fault slip", 
            "Collected": {
                "Start_Date": "2017-01-01", 
                "End_Date": "2018-06-15"
            }, 
            "Data_Access_Restriction": "Open - freely retrievable", 
            "Research_Group": "Earth sciences - Experimental rock deformation", 
            "Description": "Rate-and-state friction (RSF) is commonly used for the characterisation of laboratory friction experiments, such\nas velocity-step tests. However, the RSF framework provides little physical basis for the extrapolation of these\nresults to the scales and conditions of natural fault systems, and so open questions remain regarding the applicability\nof the experimentally obtained RSF parameters for predicting seismic cycle transients. As an alternative\nto classical RSF, microphysics-based models offer means for interpreting laboratory and field observations,\nbut are generally over-simplified with respect to heterogeneous natural systems. In order to bridge the\ntemporal and spatial gap between the laboratory and nature, we have implemented existing microphysical\nmodel formulations into an earthquake cycle simulator. Through this numerical framework, we make a direct\ncomparison between simulations exhibiting RSF-controlled fault rheology, and simulations in which the fault\nrheology is dictated by the microphysical model. Even though the input parameters for the RSF simulation are\ndirectly derived from the microphysical model, the microphysics-based simulations produce significantly smaller\nseismic event sizes than the RSF-based simulation, and suggest a more stable fault slip behaviour. Our results\nreveal fundamental limitations in using classical rate-and-state friction for the extrapolation of laboratory results.\nThe microphysics-based approach offers a more complete framework in this respect, and may be used for a\nmore detailed study of the seismic cycle in relation to material properties and fault zone pressure-temperature\nconditions.\n\nThe zip file contains several folders with output data from simulations using Python 2.7 script files which belongs to the Quasi-DYNamic earthquake simulator (QDYN). More information is given in readme.txt"
        }
    }, 
    "/nluu14p/home/vault-pilot/deposit-pilot[1664957543][1664959021]": {
        "path": "/nluu14p/home/vault-pilot/deposit-pilot[1664957543][1664959021]", 
        "modified": "2022-10-05T10:37:02", 
        "data_package_reference": "yoda/2b84432c-7ebb-4fcc-a532-8847f00a8fc7", 
        "size": 32050, 
        "schema": "https://yoda.uu.nl/schemas/dag-0/metadata.json", 
        "metadata": {
            "Discipline": [
                "Natural Sciences - Earth and related environmental sciences (1.5)"
            ], 
            "GeoLocation": [
                {
                    "Description_Spatial": "Groningen province and Drenthe province", 
                    "geoLocationBox": {
                        "westBoundLongitude": 6.939111288184725, 
                        "northBoundLatitude": 53.15500609073204, 
                        "eastBoundLongitude": 5.953177541956008, 
                        "southBoundLatitude": 52.55798590427374
                    }
                }
            ], 
            "Data_Type": "Dataset", 
            "Language": "en - English", 
            "Related_Datapackage": [
                {
                    "Persistent_Identifier": {}, 
                    "Relation_Type": "References: Current datapackages references"
                }
            ], 
            "License": "Internal License Data Archive Geosciences 2021-01", 
            "Collection_Name": "RHDHV Kansrijkdom vernatting", 
            "Creator": [
                {
                    "Affiliation": "Utrecht University", 
                    "Owner_Role": "Principal Investigator", 
                    "Name": {
                        "Family_Name": "Wassen", 
                        "Given_Name": "Martin"
                    }
                }
            ], 
            "links": [
                {
                    "href": "https://yoda.uu.nl/schemas/dag-0/metadata.json", 
                    "rel": "describedby"
                }
            ], 
            "Contributor": [
                {
                    "Name": {
                        "Family_Name": "Wassen", 
                        "Given_Name": "Martin"
                    }, 
                    "Contributor_Type": "ContactPerson"
                }
            ], 
            "Retention_Period": "50", 
            "Tag": [
                "vegetation releves", 
                "water quality", 
                "water level", 
                "fens", 
                "wetlands"
            ], 
            "Research_Group": "Sustainable Development - Environmental Sciences", 
            "Title": "vegetation recordings and water quality in 6 wetland sites", 
            "Collected": {
                "Start_Date": "2021-04-01", 
                "End_Date": "2022-12-31"
            }, 
            "Data_Access_Restriction": "Open - freely retrievable", 
            "Data_Classification": "Basic", 
            "Description": "test vegetation data"
        }
    }, 
    "/nluu14p/home/vault-pilot/deposit-pilot[1683192790][1684240381]": {
        "path": "/nluu14p/home/vault-pilot/deposit-pilot[1683192790][1684240381]", 
        "modified": "2023-05-16T14:59:54", 
        "data_package_reference": "yoda/a5bde836-0f31-482a-9e8f-0dde1a9a7b69", 
        "size": 45316297710, 
        "schema": "https://yoda.uu.nl/schemas/dag-0/metadata.json", 
        "metadata": {
            "Discipline": [
                "Natural Sciences - Earth and related environmental sciences (1.5)"
            ], 
            "GeoLocation": [
                {
                    "Description_Spatial": "Vejers beach", 
                    "geoLocationBox": {
                        "westBoundLongitude": 8.107268075744717, 
                        "northBoundLatitude": 55.610693023740545, 
                        "eastBoundLongitude": 8.107268075744717, 
                        "southBoundLatitude": 55.610693023740545
                    }
                }
            ], 
            "Data_Type": "Dataset", 
            "Language": "en - English", 
            "Related_Datapackage": [
                {
                    "Persistent_Identifier": {
                        "Identifier_Scheme": "DOI", 
                        "Identifier": "10.1016/j.csr.2018.10.002"
                    }, 
                    "Relation_Type": "References: Current datapackages references", 
                    "Title": "Field observations of turbulence in the intertidal and shallow subtidal zones"
                }, 
                {
                    "Persistent_Identifier": {
                        "Identifier_Scheme": "DOI", 
                        "Identifier": "10.1016/j.margeo.2019.04.005"
                    }, 
                    "Relation_Type": "References: Current datapackages references", 
                    "Title": "Field observations of intra-wave sediment suspension and transport in the intertidal and shallow subtidal zones"
                }, 
                {
                    "Persistent_Identifier": {
                        "Identifier_Scheme": "URL", 
                        "Identifier": "http://coastaldynamics2017.dk/onewebmedia/127_Brinkkemper_Joost.pdf"
                    }, 
                    "Relation_Type": "References: Current datapackages references", 
                    "Title": "SURF ZONE MORPHODYNAMICS DURING LOW-MODERATE ENERGETIC CONDITIONS; THE TASTI FIELD EXPERIMENT"
                }
            ], 
            "License": "Internal License Data Archive Geosciences 2021-01", 
            "Collection_Name": "Sand transport beneath broken waves in the surf zone - NWO-TTW", 
            "Creator": [
                {
                    "Affiliation": "Utrecht University", 
                    "Owner_Role": "Principal Investigator", 
                    "Name": {
                        "Family_Name": "Ruessink", 
                        "Given_Name": "Gerben"
                    }
                }
            ], 
            "links": [
                {
                    "href": "https://yoda.uu.nl/schemas/dag-0/metadata.json", 
                    "rel": "describedby"
                }
            ], 
            "Description": "Data of hydrodynamics, sand transport and morphology collected during the TASTI field experiment on Vejers beach, Denmark. The data comprise (i) instantaneous (4 to 10 Hz, depending on sensor) time-series of near-bed pressure, velocity and sand concentrations at up to 3 (horizontal) locations; (ii) frequent scans of sea bed beneath the sensors; and (iii) miscellaneous data, for example, on the beach morphology. Where applicable, the data are provided \"raw\" (i.e., as measured in the field; subdirectory dataRaw) and \"processed\" (i.e., calibrated and validated; subdirectory data). All data are stored in the (Matlab-based) database structure used at the time of collection (2016) in the coastal group of the PG department. Processing code (in Matlab) is also provided, as are some first turbulence results (see papers provided as metadata).", 
            "Contributor": [
                {
                    "Name": {
                        "Family_Name": "Ruessink", 
                        "Given_Name": "Gerben"
                    }, 
                    "Contributor_Type": "ContactPerson"
                }
            ], 
            "Retention_Period": "10", 
            "Tag": [
                "Beach", 
                "Sand transport", 
                "Waves", 
                "Turbulence", 
                "Field experiment"
            ], 
            "Title": "Data from: Turbulence And Sediment Transport Initiative (TASTI) field experiment on Vejers beach, Denmark", 
            "Collected": {
                "Start_Date": "2016-09-20", 
                "End_Date": "2016-10-09"
            }, 
            "Data_Access_Restriction": "Open - freely retrievable", 
            "Data_Classification": "Basic", 
            "Research_Group": "Physical geography - Earth Surface Processes"
        }
    }, 
    "/nluu14p/home/vault-pilot/deposit-pilot[1689334132][1689334824]": {
        "path": "/nluu14p/home/vault-pilot/deposit-pilot[1689334132][1689334824]", 
        "modified": "2023-07-14T13:40:26", 
        "data_package_reference": "yoda/b3e4a4f2-f690-4454-840c-219c16aaf2e8", 
        "size": 2750246305769, 
        "schema": "https://yoda.uu.nl/schemas/dag-0/metadata.json", 
        "metadata": {
            "Discipline": [
                "Natural Sciences - Earth and related environmental sciences (1.5)"
            ], 
            "GeoLocation": [
                {
                    "geoLocationBox": {}
                }
            ], 
            "Data_Type": "Dataset", 
            "Language": "en - English", 
            "Related_Datapackage": [
                {
                    "Persistent_Identifier": {
                        "Identifier_Scheme": "DOI", 
                        "Identifier": "https://doi.org/10.1029/2018JF004718 "
                    }, 
                    "Relation_Type": "References: Current datapackages references", 
                    "Title": "Growing forced bars determine nonideal estuary planform"
                }, 
                {
                    "Persistent_Identifier": {
                        "Identifier_Scheme": "DOI", 
                        "Identifier": "https://doi.org/10.1002/esp.4504"
                    }, 
                    "Relation_Type": "References: Current datapackages references", 
                    "Title": "Effects of estuarine mudflat formation on tidal prism and large-scale morphology in experiments"
                }, 
                {
                    "Persistent_Identifier": {
                        "Identifier_Scheme": "DOI", 
                        "Identifier": "https://doi.org/10.5194/esurf-5-731-2017"
                    }, 
                    "Relation_Type": "References: Current datapackages references", 
                    "Title": "Turning the tide: comparison of tidal flow by periodic sea level fluctuation and by periodic bed tilting in scaled landscape experiments of estuaries"
                }
            ], 
            "License": "Internal License Data Archive Geosciences 2021-01", 
            "Collection_Name": "Vici Turning the Tide", 
            "Creator": [
                {
                    "Affiliation": "Utrecht University", 
                    "Owner_Role": "Principal Investigator", 
                    "Name": {
                        "Family_Name": "Kleinhans", 
                        "Given_Name": "Maarten"
                    }
                }
            ], 
            "Data_Classification": "Basic", 
            "links": [
                {
                    "href": "https://yoda.uu.nl/schemas/dag-0/metadata.json", 
                    "rel": "describedby"
                }
            ], 
            "Contributor": [
                {
                    "Name": {
                        "Family_Name": "Kleinhans", 
                        "Given_Name": "Maarten"
                    }, 
                    "Contributor_Type": "ContactPerson"
                }
            ], 
            "Retention_Period": "10", 
            "Tag": [
                "Metronome", 
                "Earth Simulation Laboratory", 
                "Tidal experiments", 
                "analog model", 
                "estuary"
            ], 
            "Title": "MetronomeLegacy", 
            "Collected": {
                "Start_Date": "2015-01-01", 
                "End_Date": "2016-01-06"
            }, 
            "Data_Access_Restriction": "Open - freely retrievable", 
            "Research_Group": "Physical geography - Biogeomorphology of Rivers and Estuaries", 
            "Description": "Metronome pilot experiments from 2015 to June 2016. These were tryouts of combinations of conditions which have not been used since. The main data is time-lapse imagery of the overhead cameras. A spreadsheet links the experiment numbers and the imposed flume conditions.\n\nSome pilots are published in online supplements to the following two papers:\n* Leuven, J. R. F. W., Braat, L., van Dijk, W. M., de Haas, T., van Onselen, E. P., Ruessink, B. G., & Kleinhans, M. G. (2018). Growing forced bars determine nonideal estuary planform. Journal of Geophysical Research: Earth Surface, 123, 2971\u2013 2992. https://doi.org/10.1029/2018JF004718 \n* Braat, L., Leuven, J. R. F. W., Lokhorst, I. R., and Kleinhans, M. G. (2019) Effects of estuarine mudflat formation on tidal prism and large-scale morphology in experiments. Earth Surf. Process. Landforms, 44: 417\u2013 432. https://doi.org/10.1002/esp.4504\n"
        }
    }, 
    "/nluu14p/home/vault-pilot/deposit-pilot[1707486305][1710493828]": {
        "path": "/nluu14p/home/vault-pilot/deposit-pilot[1707486305][1710493828]", 
        "modified": "2024-03-19T15:23:53", 
        "data_package_reference": "yoda/d27623e1-d6ec-47d4-9d47-5757d310ec59", 
        "size": 2822464677428, 
        "schema": "https://yoda.uu.nl/schemas/dag-0/metadata.json", 
        "metadata": {
            "Discipline": [
                "Natural Sciences - Earth and related environmental sciences (1.5)"
            ], 
            "GeoLocation": [
                {
                    "Description_Spatial": "global", 
                    "geoLocationBox": {
                        "westBoundLongitude": -180, 
                        "northBoundLatitude": 90, 
                        "eastBoundLongitude": 180, 
                        "southBoundLatitude": -90
                    }
                }
            ], 
            "Data_Type": "Dataset", 
            "Language": "en - English", 
            "Related_Datapackage": [
                {
                    "Persistent_Identifier": {}, 
                    "Relation_Type": "References: Current datapackages references"
                }
            ], 
            "License": "Internal License Data Archive Geosciences 2021-01", 
            "Collection_Name": "4dHydro", 
            "Creator": [
                {
                    "Affiliation": "Utrecht University", 
                    "Owner_Role": "Group Leader", 
                    "Name": {
                        "Family_Name": "Droppers", 
                        "Given_Name": "Bram"
                    }
                }
            ], 
            "Data_Classification": "Basic", 
            "links": [
                {
                    "href": "https://yoda.uu.nl/schemas/dag-0/metadata.json", 
                    "rel": "describedby"
                }
            ], 
            "Contributor": [
                {
                    "Name": {
                        "Family_Name": "Droppers", 
                        "Given_Name": "Bram"
                    }, 
                    "Contributor_Type": "ContactPerson"
                }
            ], 
            "Retention_Period": "10", 
            "Tag": [
                "Hydrology"
            ], 
            "Title": "4dHydro working package 2 ", 
            "Collected": {
                "Start_Date": "2023-07-17", 
                "End_Date": "2024-02-02"
            }, 
            "Data_Access_Restriction": "Open - freely retrievable", 
            "Research_Group": "Physical geography - Geographical Hydrology", 
            "Description": "Data archive related to the 4dHydro project working package 2"
        }
    }
}
