{
    "/vu/home/vault-beta-es-aerocarb/research-beta-es-aerocarb[1671795277]": {
        "path": "/vu/home/vault-beta-es-aerocarb/research-beta-es-aerocarb[1671795277]", 
        "modified": "2024-02-22T14:07:55", 
        "doi": "https://doi.org/10.48338/VU01-9EMXZ1", 
        "size": 22440206911, 
        "schema": "https://yoda.uu.nl/schemas/default-3/metadata.json", 
        "metadata": {
            "Discipline": [
                "Natural Sciences - Earth and related environmental sciences (1.5)"
            ], 
            "Covered_Period": {}, 
            "links": [
                {
                    "href": "https://yoda.uu.nl/schemas/default-3/metadata.json", 
                    "rel": "describedby"
                }
            ], 
            "Language": "en - English", 
            "Creator": [
                {
                    "Affiliation": [
                        {
                            "Affiliation_Name": "Vrije Universiteit Amsterdam", 
                            "Affiliation_Identifier": ""
                        }
                    ], 
                    "Name": {
                        "Family_Name": "Aarts", 
                        "Given_Name": "Emmeke"
                    }, 
                    "Person_Identifier": [
                        {
                            "Name_Identifier": "https://orcid.org/0000-0002-2432-7564", 
                            "Name_Identifier_Scheme": "ORCID"
                        }
                    ]
                }, 
                {
                    "Affiliation": [
                        {
                            "Affiliation_Name": "SRON Netherlands Institute for Space Research", 
                            "Affiliation_Identifier": ""
                        }
                    ], 
                    "Name": {
                        "Family_Name": "Landgraf", 
                        "Given_Name": "Jochen"
                    }, 
                    "Person_Identifier": [
                        {}
                    ]
                }, 
                {
                    "Affiliation": [
                        {
                            "Affiliation_Name": "SRON Netherlands Institute for Space Research", 
                            "Affiliation_Identifier": ""
                        }
                    ], 
                    "Name": {
                        "Family_Name": "van Heck", 
                        "Given_Name": "Hein"
                    }, 
                    "Person_Identifier": [
                        {}
                    ]
                }, 
                {
                    "Affiliation": [
                        {
                            "Affiliation_Name": "Max-Planck-Institute for Chemistry, Mainz, Germany", 
                            "Affiliation_Identifier": ""
                        }
                    ], 
                    "Name": {
                        "Family_Name": "Tao", 
                        "Given_Name": "Wei"
                    }, 
                    "Person_Identifier": [
                        {}
                    ]
                }
            ], 
            "License": "Creative Commons Attribution 4.0 International Public License", 
            "Title": "AeroCarb output archive", 
            "Data_Classification": "Public", 
            "Related_Resource": [
                {
                    "Persistent_Identifier": {}
                }
            ], 
            "Contributor": [
                {
                    "Affiliation": [
                        {
                            "Affiliation_Name": "Vrije Universiteit Amsterdam", 
                            "Affiliation_Identifier": ""
                        }
                    ], 
                    "Name": {}, 
                    "Person_Identifier": [
                        {}
                    ]
                }
            ], 
            "Retention_Period": 10, 
            "Version": "1", 
            "Collected": {}, 
            "Data_Access_Restriction": "Open - freely retrievable", 
            "Funding_Reference": [
                {
                    "Award_Number": "ESA ITT: RFP/3-14860/17/NL/FF/gp", 
                    "Funder_Name": "ESA"
                }
            ], 
            "Keyword": [
                "CO2"
            ], 
            "Data_Type": "Dataset", 
            "Description": "This archive is the central location for distributing information about the ESA AeroCarb scientific support study for the Copernicus CO2-M monitoring system (CO2-M). In subdirectories you find the deliverable reports, underlying data as well as computer codes that were used for data processing.\n\n"
        }
    }, 
    "/vu/home/vault-beta-sbi-senegal-lait-caille/publication[1670496821]": {
        "path": "/vu/home/vault-beta-sbi-senegal-lait-caille/publication[1670496821]", 
        "modified": "2024-02-22T14:07:51", 
        "doi": "https://doi.org/10.48338/VU01-2LT5V4", 
        "size": 10195608, 
        "schema": "https://yoda.uu.nl/schemas/default-3/metadata.json", 
        "metadata": {
            "Discipline": [
                "Natural Sciences - Biological sciences (1.6)"
            ], 
            "Covered_Period": {}, 
            "links": [
                {
                    "href": "https://yoda.uu.nl/schemas/default-3/metadata.json", 
                    "rel": "describedby"
                }
            ], 
            "Language": "en - English", 
            "Creator": [
                {
                    "Affiliation": [
                        {
                            "Affiliation_Name": "Vrije Universiteit Amsterdam", 
                            "Affiliation_Identifier": ""
                        }
                    ], 
                    "Name": {
                        "Family_Name": "Molenaar", 
                        "Given_Name": "Douwe"
                    }, 
                    "Person_Identifier": [
                        {
                            "Name_Identifier": "https://orcid.org/0000-0001-7108-4545", 
                            "Name_Identifier_Scheme": "ORCID"
                        }, 
                        {
                            "Name_Identifier": "https://www.researcherid.com/rid/D-2017-2010", 
                            "Name_Identifier_Scheme": "ResearcherID (Web of Science)"
                        }
                    ]
                }
            ], 
            "Data_Classification": "Public", 
            "Collection_Name": "Microbial community composition of Lait-Caille", 
            "Title": "Naturally Fermented Milk from Northern Senegal", 
            "Related_Resource": [
                {
                    "Persistent_Identifier": {
                        "Identifier_Scheme": "DOI", 
                        "Identifier": "10.3389/fmicb.2018.02218"
                    }, 
                    "Relation_Type": "IsSupplementTo", 
                    "Title": "Naturally fermented milk from northern Senegal: Bacterial community composition and probiotic enrichment with Lactobacillus rhamnosus"
                }
            ], 
            "Covered_Geolocation_Place": [
                ""
            ], 
            "Retention_Period": 10, 
            "Version": "1.0", 
            "Contributor": [
                {
                    "Affiliation": [
                        {
                            "Affiliation_Name": "Vrije Universiteit Amsterdam", 
                            "Affiliation_Identifier": ""
                        }, 
                        {
                            "Affiliation_Name": "TNO, Microbiology and Systems Biology, Amsterdam, The Netherlands", 
                            "Affiliation_Identifier": ""
                        }, 
                        {
                            "Affiliation_Name": "ARTIS-Micropia, Amsterdam, The Netherlands", 
                            "Affiliation_Identifier": ""
                        }, 
                        {
                            "Affiliation_Name": "Yoba for Life foundation, Amsterdam, The Netherlands", 
                            "Affiliation_Identifier": ""
                        }
                    ], 
                    "Contributor_Type": "ProjectLeader", 
                    "Name": {
                        "Family_Name": "Kort", 
                        "Given_Name": "Remco"
                    }, 
                    "Person_Identifier": [
                        {
                            "Name_Identifier": "https://orcid.org/0000-0003-3674-598X", 
                            "Name_Identifier_Scheme": "ORCID"
                        }
                    ]
                }, 
                {
                    "Affiliation": [
                        {
                            "Affiliation_Name": "Vrije Universiteit Amsterdam", 
                            "Affiliation_Identifier": ""
                        }
                    ], 
                    "Contributor_Type": "Researcher", 
                    "Name": {
                        "Family_Name": "Molenaar", 
                        "Given_Name": "Douwe"
                    }, 
                    "Person_Identifier": [
                        {
                            "Name_Identifier": "https://orcid.org/0000-0001-7108-4545", 
                            "Name_Identifier_Scheme": "ORCID"
                        }
                    ]
                }, 
                {
                    "Affiliation": [
                        {
                            "Affiliation_Name": "Department of Sociology, Universit\u00e9 Cheikh Anta Diop de Dakar, Dakar, Senegal", 
                            "Affiliation_Identifier": ""
                        }
                    ], 
                    "Contributor_Type": "Researcher", 
                    "Name": {
                        "Family_Name": "Diallo", 
                        "Given_Name": "Abdoulaye"
                    }, 
                    "Person_Identifier": [
                        {}
                    ]
                }
            ], 
            "Collected": {
                "Start_Date": "2018-04-30", 
                "End_Date": "2018-09-21"
            }, 
            "Data_Access_Restriction": "Open - freely retrievable", 
            "License": "Creative Commons Attribution 4.0 International Public License", 
            "Funding_Reference": [
                {
                    "Award_Number": "OPP1110874", 
                    "Funder_Name": "Bill & Melinda Gates Foundation"
                }
            ], 
            "Keyword": [
                "Lactococcus", 
                "Lactobacillus", 
                "Streptococcus", 
                "Fermentation", 
                "Milk"
            ], 
            "Data_Type": "Dataset", 
            "Description": "Characterization of the bacterial community composition of a naturally fermented milk product (lait caill\u00e9), prepared in wooden bowls (lahals) in northern Senegal, which is produced with a bacterial biofilm to steer the fermentation process. A probiotic starter culture containing the most documented probiotic strain Lactobacillus rhamnosus GG (generic strain name yoba 2012) was included into the local fermentation process."
        }
    }, 
    "/vu/home/vault-fmsramtest/test01[1708610561]": {
        "path": "/vu/home/vault-fmsramtest/test01[1708610561]", 
        "modified": "2024-02-22T15:02:56", 
        "size": 10507738, 
        "schema": "https://yoda.uu.nl/schemas/default-3/metadata.json", 
        "metadata": {
            "Discipline": [
                "Natural Sciences - Mathematics (1.1)"
            ], 
            "Language": "en - English", 
            "Keyword": [
                "Test 1.9 sram"
            ], 
            "Creator": [
                {
                    "Affiliation": [
                        {
                            "Affiliation_Name": "Academic Center for Dentistry Amsterdam", 
                            "Affiliation_Identifier": "https://ror.org/04x5wnb75"
                        }
                    ], 
                    "Name": {
                        "Family_Name": "Morales", 
                        "Given_Name": "Francisco"
                    }, 
                    "Person_Identifier": [
                        {
                            "Name_Identifier": "https://orcid.org/0000-0000-0000-0000", 
                            "Name_Identifier_Scheme": "ORCID"
                        }
                    ]
                }
            ], 
            "License": "Creative Commons Attribution 4.0 International Public License", 
            "Title": "Test 1.9 sram", 
            "links": [
                {
                    "href": "https://yoda.uu.nl/schemas/default-3/metadata.json", 
                    "rel": "describedby"
                }
            ], 
            "Related_Resource": [
                {}
            ], 
            "Data_Classification": "Public", 
            "Retention_Period": 10, 
            "Contributor": [
                {
                    "Affiliation": [
                        {}
                    ], 
                    "Person_Identifier": [
                        {
                            "Name_Identifier": "https://orcid.org/0000-0000-0000-0000", 
                            "Name_Identifier_Scheme": "ORCID"
                        }
                    ]
                }
            ], 
            "Data_Access_Restriction": "Open - freely retrievable", 
            "Funding_Reference": [
                {}
            ], 
            "Data_Type": "Dataset", 
            "Description": "Test 1.9 sram"
        }
    }, 
    "/vu/home/vault-research-surf/pub_test[1667405908]": {
        "path": "/vu/home/vault-research-surf/pub_test[1667405908]", 
        "modified": "2024-02-22T14:07:42", 
        "doi": "https://doi.org/10.48338/VU01-CGLXA9", 
        "size": 3557627, 
        "schema": "https://yoda.uu.nl/schemas/default-3/metadata.json", 
        "metadata": {
            "Discipline": [
                "Natural Sciences - Mathematics (1.1)"
            ], 
            "Covered_Period": {}, 
            "links": [
                {
                    "href": "https://yoda.uu.nl/schemas/default-3/metadata.json", 
                    "rel": "describedby"
                }
            ], 
            "Language": "en - English", 
            "Creator": [
                {
                    "Affiliation": [
                        {
                            "Affiliation_Name": "Vrije Universiteit Amsterdam", 
                            "Affiliation_Identifier": ""
                        }
                    ], 
                    "Name": {
                        "Family_Name": "M", 
                        "Given_Name": "F"
                    }, 
                    "Person_Identifier": [
                        {}
                    ]
                }
            ], 
            "Data_Classification": "Public", 
            "Title": "Test 1.8.2", 
            "Related_Resource": [
                {
                    "Persistent_Identifier": {}
                }
            ], 
            "Contributor": [
                {
                    "Affiliation": [
                        {
                            "Affiliation_Name": "Vrije Universiteit Amsterdam", 
                            "Affiliation_Identifier": ""
                        }
                    ], 
                    "Name": {}, 
                    "Person_Identifier": [
                        {}
                    ]
                }
            ], 
            "Retention_Period": 10, 
            "License": "Custom", 
            "Collected": {}, 
            "Data_Access_Restriction": "Restricted - available upon request", 
            "Funding_Reference": [
                {}
            ], 
            "Keyword": [
                "Test 1.8.2"
            ], 
            "Data_Type": "Dataset", 
            "Description": "test"
        }
    }, 
    "/vu/home/vault-research-surf/pub_test[1667407238]": {
        "path": "/vu/home/vault-research-surf/pub_test[1667407238]", 
        "modified": "2024-02-22T14:07:43", 
        "doi": "https://doi.org/10.48338/VU01-5SSMLI", 
        "size": 3949891, 
        "schema": "https://yoda.uu.nl/schemas/default-3/metadata.json", 
        "metadata": {
            "Discipline": [
                "Natural Sciences - Mathematics (1.1)"
            ], 
            "Covered_Period": {}, 
            "links": [
                {
                    "href": "https://yoda.uu.nl/schemas/default-3/metadata.json", 
                    "rel": "describedby"
                }
            ], 
            "Language": "en - English", 
            "Creator": [
                {
                    "Affiliation": [
                        {
                            "Affiliation_Name": "Vrije Universiteit Amsterdam", 
                            "Affiliation_Identifier": ""
                        }
                    ], 
                    "Name": {
                        "Family_Name": "M", 
                        "Given_Name": "F"
                    }, 
                    "Person_Identifier": [
                        {}
                    ]
                }
            ], 
            "Data_Classification": "Public", 
            "Title": "Test 1.8.2", 
            "Related_Resource": [
                {
                    "Persistent_Identifier": {}
                }
            ], 
            "Contributor": [
                {
                    "Affiliation": [
                        {
                            "Affiliation_Name": "Vrije Universiteit Amsterdam", 
                            "Affiliation_Identifier": ""
                        }
                    ], 
                    "Name": {}, 
                    "Person_Identifier": [
                        {}
                    ]
                }
            ], 
            "Retention_Period": 10, 
            "License": "Custom", 
            "Collected": {}, 
            "Data_Access_Restriction": "Restricted - available upon request", 
            "Funding_Reference": [
                {}
            ], 
            "Keyword": [
                "Test 1.8.2"
            ], 
            "Data_Type": "Dataset", 
            "Description": "test"
        }
    }, 
    "/vu/home/vault-research-surf/pub_test[1667407301]": {
        "path": "/vu/home/vault-research-surf/pub_test[1667407301]", 
        "modified": "2024-02-22T14:07:45", 
        "size": 3949891, 
        "schema": "https://yoda.uu.nl/schemas/default-3/metadata.json", 
        "metadata": {
            "Discipline": [
                "Natural Sciences - Mathematics (1.1)"
            ], 
            "Covered_Period": {}, 
            "links": [
                {
                    "href": "https://yoda.uu.nl/schemas/default-3/metadata.json", 
                    "rel": "describedby"
                }
            ], 
            "Language": "en - English", 
            "Creator": [
                {
                    "Affiliation": [
                        {
                            "Affiliation_Name": "Vrije Universiteit Amsterdam", 
                            "Affiliation_Identifier": ""
                        }
                    ], 
                    "Name": {
                        "Family_Name": "M", 
                        "Given_Name": "F"
                    }, 
                    "Person_Identifier": [
                        {}
                    ]
                }
            ], 
            "Data_Classification": "Public", 
            "Title": "Test 1.8.2", 
            "Related_Resource": [
                {
                    "Persistent_Identifier": {}
                }
            ], 
            "Contributor": [
                {
                    "Affiliation": [
                        {
                            "Affiliation_Name": "Vrije Universiteit Amsterdam", 
                            "Affiliation_Identifier": ""
                        }
                    ], 
                    "Name": {}, 
                    "Person_Identifier": [
                        {}
                    ]
                }
            ], 
            "Retention_Period": 10, 
            "License": "Custom", 
            "Collected": {}, 
            "Data_Access_Restriction": "Restricted - available upon request", 
            "Funding_Reference": [
                {}
            ], 
            "Keyword": [
                "Test 1.8.2"
            ], 
            "Data_Type": "Dataset", 
            "Description": "test"
        }
    }, 
    "/vu/home/vault-test202303-2/research-test202303-2[1679665317]": {
        "path": "/vu/home/vault-test202303-2/research-test202303-2[1679665317]", 
        "modified": "2024-02-22T14:08:04", 
        "size": 11570, 
        "schema": "https://yoda.uu.nl/schemas/default-3/metadata.json", 
        "metadata": {
            "Discipline": [
                "Natural Sciences - Biological sciences (1.6)"
            ], 
            "Covered_Period": {}, 
            "links": [
                {
                    "href": "https://yoda.uu.nl/schemas/default-3/metadata.json", 
                    "rel": "describedby"
                }
            ], 
            "Language": "en - English", 
            "Creator": [
                {
                    "Affiliation": [
                        {
                            "Affiliation_Name": "Vrije Universiteit Amsterdam", 
                            "Affiliation_Identifier": ""
                        }
                    ], 
                    "Name": {
                        "Family_Name": "de ruiter", 
                        "Given_Name": "Cornelis Jo(hannes)"
                    }, 
                    "Person_Identifier": [
                        {}
                    ]
                }
            ], 
            "Data_Classification": "Sensitive", 
            "Version": "1.0", 
            "Title": "Concurrent validity of an easy-to-use inertial measurement unit-system to evaluate sagittal plane segment kinematics during overground sprinting at different speeds. ", 
            "Related_Resource": [
                {
                    "Persistent_Identifier": {
                        "Identifier_Scheme": "DOI", 
                        "Identifier": "10.1080/14763141.2022.2056076"
                    }, 
                    "Relation_Type": "IsSupplementTo", 
                    "Title": "Concurrent validity of an easy-to-use inertial measurement unit-system to evaluate sagittal plane segment kinematics during overground sprinting at different speeds. "
                }, 
                {
                    "Persistent_Identifier": {}
                }, 
                {
                    "Persistent_Identifier": {}
                }, 
                {
                    "Persistent_Identifier": {}
                }
            ], 
            "Covered_Geolocation_Place": [
                "Amsterdam The Netherlands"
            ], 
            "Retention_Period": 10, 
            "License": "Custom", 
            "Contributor": [
                {
                    "Affiliation": [
                        {
                            "Affiliation_Name": "Vrije Universiteit Amsterdam", 
                            "Affiliation_Identifier": ""
                        }
                    ], 
                    "Name": {}, 
                    "Person_Identifier": [
                        {}
                    ]
                }
            ], 
            "Collected": {
                "Start_Date": "2020-08-01", 
                "End_Date": "2020-12-31"
            }, 
            "Data_Access_Restriction": "Restricted - available upon request", 
            "Funding_Reference": [
                {}
            ], 
            "Keyword": [
                "Fatigue during sprinting"
            ], 
            "Data_Type": "Dataset", 
            "Description": "Inertial measurement unit and video data of repeated 60 m sprints including all steps of the data analysis and results.\nA paper on these data has been published.\n\nThe <IMUdata-folder> contains 16 subfolders, each containing separate subfolders with the raw IMU data files for the different body segments. It also contains the output files of the data analysis in Matlab for all participants and body segments.\n\nThe <Kinovea files-folder> contains the results of the video analysis for all participants as obtained from the Kinovea software and further processed with Matlab.  Each participant folder contains separate result folders for the maximal velocity phase (43-47m sub-folder) and at the start phase (Start sub-folder) of all sprint runs.\n\nThe <Matlab scripts sports biomech 2022-folder> contains all Matlab scripts used for the analysis (as described in detail in the document: logbook and manual for data analysis.docx) \n\nThe <Raw video files -folder> contains the raw video files of all recorded phases of the sprint runs. \n\nThe <results excel-folder> contains all summarizing data in excel format of all variables used for publication.\n\nThe <Rstatistics-folder> provides de R-files scripts and output of the statistical analysis.\n\nThe <submission octobre 2021-folder> contains all files used in the submission process including the Revison and final version.\n\nMore detailed information on the data analysis steps that have been conducted can be found in the document: logbook and manual for data analysis.docx.\n"
        }
    }, 
    "/vu/home/vault-test202303/research-test202303[1679664513]": {
        "path": "/vu/home/vault-test202303/research-test202303[1679664513]", 
        "modified": "2024-02-22T14:08:02", 
        "size": 23274, 
        "schema": "https://yoda.uu.nl/schemas/default-3/metadata.json", 
        "metadata": {
            "Discipline": [
                "Engineering and Technology - Other engineering and technologies (2.11)"
            ], 
            "Covered_Period": {}, 
            "links": [
                {
                    "href": "https://yoda.uu.nl/schemas/default-3/metadata.json", 
                    "rel": "describedby"
                }
            ], 
            "Language": "en - English", 
            "Creator": [
                {
                    "Affiliation": [
                        {
                            "Affiliation_Name": "Vrije Universiteit Amsterdam", 
                            "Affiliation_Identifier": ""
                        }
                    ], 
                    "Name": {
                        "Family_Name": "Astudillo", 
                        "Given_Name": "Ander"
                    }, 
                    "Person_Identifier": [
                        {}
                    ]
                }
            ], 
            "Data_Classification": "Public", 
            "Title": "Testing ticket SD-47527", 
            "Related_Resource": [
                {
                    "Persistent_Identifier": {}
                }
            ], 
            "Contributor": [
                {
                    "Affiliation": [
                        {
                            "Affiliation_Name": "Vrije Universiteit Amsterdam", 
                            "Affiliation_Identifier": ""
                        }
                    ], 
                    "Name": {}, 
                    "Person_Identifier": [
                        {}
                    ]
                }
            ], 
            "Retention_Period": 10, 
            "License": "Custom", 
            "Collected": {}, 
            "Data_Access_Restriction": "Restricted - available upon request", 
            "Funding_Reference": [
                {}
            ], 
            "Keyword": [
                "test"
            ], 
            "Data_Type": "Dataset", 
            "Description": "Testing ticket SD-47527: Vault is Accepted but it sticks there instead of going to Secured."
        }
    }, 
    "/vu/home/vault-test/test25[1666608213]": {
        "path": "/vu/home/vault-test/test25[1666608213]", 
        "modified": "2024-02-22T14:07:40", 
        "doi": "https://doi.org/10.48338/VU01-RV4U9J", 
        "size": 901738, 
        "schema": "https://yoda.uu.nl/schemas/default-3/metadata.json", 
        "metadata": {
            "Discipline": [
                "Natural Sciences - Mathematics (1.1)"
            ], 
            "Covered_Period": {}, 
            "links": [
                {
                    "href": "https://yoda.uu.nl/schemas/default-3/metadata.json", 
                    "rel": "describedby"
                }
            ], 
            "Language": "en - English", 
            "Creator": [
                {
                    "Affiliation": [
                        {
                            "Affiliation_Name": "Utrecht University", 
                            "Affiliation_Identifier": ""
                        }
                    ], 
                    "Name": {
                        "Family_Name": "c", 
                        "Given_Name": "c"
                    }, 
                    "Person_Identifier": [
                        {}
                    ]
                }
            ], 
            "Data_Classification": "Public", 
            "Title": "norman", 
            "Related_Resource": [
                {
                    "Persistent_Identifier": {}
                }
            ], 
            "Contributor": [
                {
                    "Affiliation": [
                        {
                            "Affiliation_Name": "Utrecht University", 
                            "Affiliation_Identifier": ""
                        }
                    ], 
                    "Name": {}, 
                    "Person_Identifier": [
                        {}
                    ]
                }
            ], 
            "Retention_Period": 10, 
            "License": "Custom", 
            "Collected": {}, 
            "Data_Access_Restriction": "Restricted - available upon request", 
            "Funding_Reference": [
                {}
            ], 
            "Keyword": [
                "test"
            ], 
            "Data_Type": "Dataset", 
            "Description": "test"
        }
    }, 
    "/vu/home/vault-vu/research-vu[1574861626]": {
        "path": "/vu/home/vault-vu/research-vu[1574861626]", 
        "modified": "2021-02-04T15:05:44", 
        "size": 999942, 
        "schema": "https://yoda.uu.nl/schemas/default-2/metadata.json", 
        "metadata": {
            "Tag": [
                "yoda"
            ], 
            "Version": "1.0", 
            "Description": "test description", 
            "links": [
                {
                    "href": "https://yoda.uu.nl/schemas/default-2/metadata.json", 
                    "rel": "describedby"
                }
            ], 
            "Creator": [
                {
                    "Affiliation": [
                        "VU"
                    ], 
                    "Name": {
                        "Family_Name": "Thompson", 
                        "Given_Name": "Mark"
                    }
                }
            ], 
            "Data_Classification": "Basic", 
            "Title": "test title", 
            "Retention_Period": 10, 
            "License": "Custom", 
            "Language": "en - English", 
            "Data_Access_Restriction": "Closed"
        }
    }, 
    "/vu/home/vault-vu/research-vu[1576068367]": {
        "path": "/vu/home/vault-vu/research-vu[1576068367]", 
        "modified": "2021-02-04T15:05:45", 
        "size": 999942, 
        "schema": "https://yoda.uu.nl/schemas/default-2/metadata.json", 
        "metadata": {
            "Tag": [
                "yoda"
            ], 
            "Version": "1.0", 
            "Description": "test description", 
            "links": [
                {
                    "href": "https://yoda.uu.nl/schemas/default-2/metadata.json", 
                    "rel": "describedby"
                }
            ], 
            "Creator": [
                {
                    "Affiliation": [
                        "VU"
                    ], 
                    "Name": {
                        "Family_Name": "Thompson", 
                        "Given_Name": "Mark"
                    }
                }
            ], 
            "Data_Classification": "Basic", 
            "Title": "test title", 
            "Retention_Period": 10, 
            "License": "Custom", 
            "Language": "en - English", 
            "Data_Access_Restriction": "Closed"
        }
    }, 
    "/vu/home/vault-yodaonepointfive/fokkesukke[1582277891]": {
        "path": "/vu/home/vault-yodaonepointfive/fokkesukke[1582277891]", 
        "modified": "2022-10-19T14:46:19", 
        "doi": "https://doi.org/10.5072/UU01-Y7W4V8", 
        "size": 49808, 
        "schema": "https://yoda.uu.nl/schemas/default-2/metadata.json", 
        "metadata": {
            "Discipline": [
                "Natural Sciences - Chemical sciences (1.4)"
            ], 
            "Covered_Period": {
                "Start_Date": "2020-02-19", 
                "End_Date": "2020-02-21"
            }, 
            "Description": "fokke sukke comic", 
            "Language": "en - English", 
            "Title": "Fokke sukke", 
            "Data_Classification": "Public", 
            "Version": "1.0", 
            "Creator": [
                {
                    "Affiliation": [
                        "Utrecht University"
                    ], 
                    "Name": {
                        "Family_Name": "arthur.newton@surfsara.nl", 
                        "Given_Name": ""
                    }
                }
            ], 
            "links": [
                {
                    "href": "https://yoda.uu.nl/schemas/default-2/metadata.json", 
                    "rel": "describedby"
                }
            ], 
            "Collected": {
                "Start_Date": "2020-02-20", 
                "End_Date": "2020-02-21"
            }, 
            "Retention_Period": 10, 
            "Tag": [
                "fokkesukke"
            ], 
            "Covered_Geolocation_Place": [
                "Amsterdam"
            ], 
            "Data_Access_Restriction": "Restricted - available upon request", 
            "License": "Creative Commons Attribution 4.0 International Public License"
        }
    }, 
    "/vu/trash/home/p.j.m.vos@vu.nl/vault-fgw-llc-textanalysis/sentiment_analysis[1665585897]": {
        "path": "/vu/trash/home/p.j.m.vos@vu.nl/vault-fgw-llc-textanalysis/sentiment_analysis[1665585897]", 
        "modified": "2024-02-22T14:07:38", 
        "size": 52473472, 
        "schema": "https://yoda.uu.nl/schemas/default-3/metadata.json", 
        "metadata": {
            "Discipline": [
                "Humanities - Languages and literature (6.2)"
            ], 
            "Covered_Period": {}, 
            "links": [
                {
                    "href": "https://yoda.uu.nl/schemas/default-3/metadata.json", 
                    "rel": "describedby"
                }
            ], 
            "Language": "en - English", 
            "Creator": [
                {
                    "Affiliation": [
                        {
                            "Affiliation_Name": "Vrije Universiteit Amsterdam", 
                            "Affiliation_Identifier": ""
                        }
                    ], 
                    "Name": {
                        "Family_Name": "Vos", 
                        "Given_Name": "Peter J.M."
                    }, 
                    "Person_Identifier": [
                        {
                            "Name_Identifier": "https://orcid.org/0000-0002-5131-9340", 
                            "Name_Identifier_Scheme": "ORCID"
                        }
                    ]
                }
            ], 
            "Data_Classification": "Public", 
            "Title": "Sentiment analysis of various work", 
            "Related_Resource": [
                {
                    "Persistent_Identifier": {
                        "Identifier_Scheme": "URL", 
                        "Identifier": "https://www.gutenberg.org/ebooks/10"
                    }, 
                    "Relation_Type": "References", 
                    "Title": "King James Bible"
                }, 
                {
                    "Persistent_Identifier": {
                        "Identifier_Scheme": "URL", 
                        "Identifier": "https://www.gutenberg.org/ebooks/22456"
                    }, 
                    "Relation_Type": "References", 
                    "Title": "Aeneid "
                }, 
                {
                    "Persistent_Identifier": {
                        "Identifier_Scheme": "URL", 
                        "Identifier": "https://www.gutenberg.org/ebooks/4300"
                    }, 
                    "Relation_Type": "References", 
                    "Title": "Ulysses"
                }
            ], 
            "Covered_Geolocation_Place": [
                ""
            ], 
            "Retention_Period": 10, 
            "Version": "1.0", 
            "Contributor": [
                {
                    "Affiliation": [
                        {
                            "Affiliation_Name": "Vrije Universiteit Amsterdam", 
                            "Affiliation_Identifier": ""
                        }
                    ], 
                    "Contributor_Type": "DataManager", 
                    "Name": {
                        "Family_Name": "Olivier", 
                        "Given_Name": "Brett G."
                    }, 
                    "Person_Identifier": [
                        {
                            "Name_Identifier": "https://orcid.org/0000-0002-5293-5321", 
                            "Name_Identifier_Scheme": "ORCID"
                        }
                    ]
                }
            ], 
            "Collected": {}, 
            "Data_Access_Restriction": "Open - freely retrievable", 
            "License": "Creative Commons Attribution 4.0 International Public License", 
            "Funding_Reference": [
                {}
            ], 
            "Keyword": [
                "nlp", 
                "sentiment analysis", 
                ""
            ], 
            "Data_Type": "Dataset", 
            "Description": "Sentiment analysis (also known as opinion mining or emotion AI) is the use of natural language processing, text analysis, computational linguistics, and biometrics to systematically identify, extract, quantify, and study affective states and subjective information. \n\nWe've used this method on three works:\n- The King James Bible\n- The Aeneid (translation by Mackail)\n- Ulysses\n\nSee the README for further information on code and methodology"
        }
    }, 
    "/vu/trash/home/p.j.m.vos@vu.nl/vault-staff-rds-archivingproject/my dataset[1629703159]": {
        "path": "/vu/trash/home/p.j.m.vos@vu.nl/vault-staff-rds-archivingproject/my dataset[1629703159]", 
        "modified": "2024-02-22T14:07:34", 
        "size": 246345964, 
        "schema": "https://yoda.uu.nl/schemas/default-3/metadata.json", 
        "metadata": {
            "Discipline": [
                "Natural Sciences - Physical sciences (1.3)"
            ], 
            "Covered_Period": {}, 
            "links": [
                {
                    "href": "https://yoda.uu.nl/schemas/default-3/metadata.json", 
                    "rel": "describedby"
                }
            ], 
            "Language": "en - English", 
            "Creator": [
                {
                    "Affiliation": [
                        {
                            "Affiliation_Name": "Vrije Universiteit Amsterdam", 
                            "Affiliation_Identifier": ""
                        }
                    ], 
                    "Name": {
                        "Family_Name": "Vos", 
                        "Given_Name": "Peter"
                    }, 
                    "Person_Identifier": [
                        {
                            "Name_Identifier": "1231234", 
                            "Name_Identifier_Scheme": "ORCID"
                        }
                    ]
                }
            ], 
            "Data_Classification": "Basic", 
            "Title": "test archivering", 
            "Related_Resource": [
                {
                    "Persistent_Identifier": {}
                }
            ], 
            "Covered_Geolocation_Place": [
                ""
            ], 
            "Retention_Period": 10, 
            "License": "Creative Commons Attribution 4.0 International Public License", 
            "Contributor": [
                {
                    "Affiliation": [
                        {
                            "Affiliation_Name": "Vrije Universiteit", 
                            "Affiliation_Identifier": ""
                        }
                    ], 
                    "Name": {}, 
                    "Person_Identifier": [
                        {}
                    ]
                }
            ], 
            "Collected": {}, 
            "Data_Access_Restriction": "Open - freely retrievable", 
            "Funding_Reference": [
                {}
            ], 
            "Keyword": [
                "yoda"
            ], 
            "Data_Type": "Dataset", 
            "Description": "dit is een test"
        }
    }, 
    "/vu/trash/home/p.j.m.vos@vu.nl/vault-staff-rds-archivingproject/our dataset[1658415047]": {
        "path": "/vu/trash/home/p.j.m.vos@vu.nl/vault-staff-rds-archivingproject/our dataset[1658415047]", 
        "modified": "2024-02-22T14:07:36", 
        "size": 11115057, 
        "schema": "https://yoda.uu.nl/schemas/default-3/metadata.json", 
        "metadata": {
            "Discipline": [
                null
            ], 
            "Covered_Period": {}, 
            "links": [
                {
                    "href": "https://yoda.uu.nl/schemas/default-3/metadata.json", 
                    "rel": "describedby"
                }
            ], 
            "Language": "en - English", 
            "Creator": [
                {
                    "Affiliation": [
                        {
                            "Affiliation_Name": "Vrije Universiteit Amsterdam", 
                            "Affiliation_Identifier": ""
                        }
                    ], 
                    "Name": {
                        "Family_Name": "Vos", 
                        "Given_Name": "Peter"
                    }, 
                    "Person_Identifier": [
                        {}
                    ]
                }
            ], 
            "Data_Classification": "Public", 
            "Title": "our dataset now edited by me", 
            "Related_Resource": [
                {
                    "Persistent_Identifier": {}
                }
            ], 
            "Covered_Geolocation_Place": [
                ""
            ], 
            "Retention_Period": 10, 
            "License": "Creative Commons Attribution-ShareAlike 4.0 International Public License", 
            "Contributor": [
                {
                    "Affiliation": [
                        {
                            "Affiliation_Name": "Vrije Universiteit", 
                            "Affiliation_Identifier": ""
                        }
                    ], 
                    "Name": {}, 
                    "Person_Identifier": [
                        {}
                    ]
                }
            ], 
            "Collected": {}, 
            "Data_Access_Restriction": "Open - freely retrievable", 
            "Funding_Reference": [
                {}
            ], 
            "Keyword": [
                "yoda"
            ], 
            "Data_Type": "Dataset", 
            "Description": "test dataset"
        }
    }
}
